id_persona,nombre,primer_apellido,segundo_apellido,email
1,Axel,Carrillo,Rocha,Axel.Carrillo@email.com
2,Carol ,Jimenez ,Martinez,Carol.Jimenez @email.com
3,Hugo,Hernandez, Smith,Hugo.Hernandez@email.com
4,Juan,Jimenez , Johnson,Juan.Jimenez @email.com
5,Miguel ,Aquino, Williams,Miguel .Aquino@email.com
6,Fernando,Fernandez, Brown,Fernando.Fernandez@email.com
7,Rosa,García, Jones,Rosa.García@email.com
8,Alejandro,González, Miller,Alejandro.González@email.com
9,Alexis,Rodríguez, Davis,Alexis.Rodríguez@email.com
10,Brandon,Fernández, Garcia,Brandon.Fernández@email.com
11,Angel,López, Rodriguez,Angel.López@email.com
12,Gustavo,Martínez, Martinez,Gustavo.Martínez@email.com
13,Mario,Sánchez, Hernandez,Mario.Sánchez@email.com
14,Aldo,Pérez, Lopez,Aldo.Pérez@email.com
15,David,Gómez, Gonzalez,David.Gómez@email.com
16,Eros,Martín, Perez,Eros.Martín@email.com
17,Marco,Jiménez, Taylor,Marco.Jiménez@email.com
18,Armando,Ruiz, Anderson,Armando.Ruiz@email.com
19,Alan,Hernández, Wilson,Alan.Hernández@email.com
20,Cesar,Díaz, Jackson,Cesar.Díaz@email.com
21,Julio,Álvarez, Thomas,Julio.Álvarez@email.com
22,Nelly,Moreno, Lee,Nelly.Moreno@email.com
23,Alberto,Muñoz, Harris,Alberto.Muñoz@email.com
24,Vladimir,Romero, Clark,Vladimir.Romero@email.com
25,Tomas,Navarro, Lewis,Tomas.Navarro@email.com
26,Oscar,Torres, Robinson,Oscar.Torres@email.com
27,Rodolfo,Flores, Walker,Rodolfo.Flores@email.com
28,Osmar,Castro, Perez,Osmar.Castro@email.com
29,Aurora,Ramírez, Hall,Aurora.Ramírez@email.com
30,Mateo,Romero, Young,Mateo.Romero@email.com
31,Eduardo,Medina, King,Eduardo.Medina@email.com
32,Nahomi,León, Wright,Nahomi.León@email.com
33,Maria,Ortega, Adams,Maria.Ortega@email.com
34,Arturo,Espinosa, Cooper,Arturo.Espinosa@email.com
35,Oswaldo,Blanco, Peterson,Oswaldo.Blanco@email.com
36,Antonio,Molina, Spencer,Antonio.Molina@email.com
37,Azucena,Morales, Wallace,Azucena.Morales@email.com
38,Felissa,Ríos, Collins,Felissa.Ríos@email.com
39,Dolores,Carmona, Reyes,Dolores.Carmona@email.com
40,Jaime,Cruz, Dixon,Jaime.Cruz@email.com
41,Javier,Nieto, Flores,Javier.Nieto@email.com
42,Benjamin,Reyes, Pierce,Benjamin.Reyes@email.com
43,Erika,Bravo, Hunter,Erika.Bravo@email.com
44,Matilda,Aguilar, Palmer,Matilda.Aguilar@email.com
45,Jesus,Salazar, Mills,Jesus.Salazar@email.com
46,Daniela,Cárdenas, Arnold,Daniela.Cárdenas@email.com
47,Fernanda,Suárez, Black,Fernanda.Suárez@email.com
48,Luis,Vega, Hernandez,Luis.Vega@email.com
49, Sofía,Ramos, Gordon, Sofía.Ramos@email.com
50, Lucas,Castillo, Willis, Lucas.Castillo@email.com
51, Isabella,Cortés, Powell, Isabella.Cortés@email.com
52, Ethan,Gallego, Ford, Ethan.Gallego@email.com
53, Valentina,Herrera, Rivas, Valentina.Herrera@email.com
54, Liam,Valencia, Mendoza, Liam.Valencia@email.com
55, Martina,Castro, Franco, Martina.Castro@email.com
56, Noah, Delgado, Sutton, Noah. Delgado@email.com
57, Ana, Gutiérrez, Brady, Ana. Gutiérrez@email.com
58, Jacob, Iglesias, Olson, Jacob. Iglesias@email.com
59, Camila, Lozano, Hanson, Camila. Lozano@email.com
60, William, Marín, Flores, William. Marín@email.com
61, Gabriela, Oliver, Jimenez, Gabriela. Oliver@email.com
62, James, Pascual, Moreno, James. Pascual@email.com
63, Laura, Quintero, Henry, Laura. Quintero@email.com
64, Michael, Rosales, Davidson, Michael. Rosales@email.com
65, Mia, Serrano, Riley, Mia. Serrano@email.com
66, Alexander, Toledo, Ortiz, Alexander. Toledo@email.com
67, Victoria, Vargas, Riley, Victoria. Vargas@email.com
68, Benjamin, Yáñez, Berry, Benjamin. Yáñez@email.com
69, Carolina, Zamora, Barnes, Carolina. Zamora@email.com
70, Samuel, Ávila, Rodriguez, Samuel. Ávila@email.com
71, Juliana, Bernal, Harrison, Juliana. Bernal@email.com
72, Daniel, Carrasco, Sutton, Daniel. Carrasco@email.com
73, Alejandra, Durán, Marshall, Alejandra. Durán@email.com
74, Joseph, Esteban, Day, Joseph. Esteban@email.com
75, María, Frías, Dixon, María. Frías@email.com
76, Christopher, García, Stewart, Christopher. García@email.com
77, Natalia, Hidalgo, Jackson, Natalia. Hidalgo@email.com
78, Oliver, Ibarra, Hudson, Oliver. Ibarra@email.com
79, Isadora, Jurado, Valdez, Isadora. Jurado@email.com
80, Andrew, Kühn, Atkins, Andrew. Kühn@email.com
81, Paola, Luna, Pearson, Paola. Luna@email.com
82, Ryan, Montes, Vasquez, Ryan. Montes@email.com
83, Bianca, Núñez, Wagner, Bianca. Núñez@email.com
84, Anthony, Ordóñez, Scott, Anthony. Ordóñez@email.com
85, Daniela, Palacios, Freeman, Daniela. Palacios@email.com
86, Henry, Quevedo, Hamilton, Henry. Quevedo@email.com
87, Sofia, Ramos, Haynes, Sofia. Ramos@email.com
88, Ava, Sierra, Crawford, Ava. Sierra@email.com
89, Emma, Torres, Brown, Emma. Torres@email.com
90, Olivia, Ureña, Zimmerman, Olivia. Ureña@email.com
91, Sarah, Valdez, Ortiz, Sarah. Valdez@email.com
92, Emily, Wilde, Kelley, Emily. Wilde@email.com
93, Harper, Ximénez, Webster, Harper. Ximénez@email.com
94, Madison, Yuste, Ross, Madison. Yuste@email.com
95, Scarlett, Zabala, Waters, Scarlett. Zabala@email.com
96, Amelia, Alcántara, Lee, Amelia. Alcántara@email.com
97, Chloe, Barrios, Russell, Chloe. Barrios@email.com
98, Ella, Cobo, King, Ella. Cobo@email.com
99, Aiden, Duarte, Doyle, Aiden. Duarte@email.com
100, Carter, Escudero, Peterson, Carter. Escudero@email.com
